id,type,title,text,created_utc,score,url,author,num_comments,post_id,parent_id
4ayyaa,post,My friend told me it's not safe for me to run early morning at Bedok Reservoir Park by myself?,"I've just moved near Bedok Reservoir Park. Picked this area because I was planning to run a few times a week.

Went for a morning run at around 6am the other day..   
When my friend heard about it, he told me it's not safe for a girl to run alone when it's still dark outside.. apparently there have been some incidents in the past. Is it true?

I mean, there were quite a lot of people around the ""main"" areas, but for most of the run, I met maybe 6~7 other runners.

If it's really not safe, are there any alternative running place nearby? Or any running group I can join?
",2016-03-19 00:04:17,14,https://www.reddit.com/r/singapore/comments/4ayyaa/my_friend_told_me_its_not_safe_for_me_to_run/,mhtyhr,42,4ayyaa,
d14n8mb,comment,My friend told me it's not safe for me to run early morning at Bedok Reservoir Park by myself?,[deleted],2016-03-19 00:14:01,5,,[deleted],0,4ayyaa,t3_4ayyaa
d14nzak,comment,My friend told me it's not safe for me to run early morning at Bedok Reservoir Park by myself?,"I've done runs both in the mornings as early as (~ 5-6am) and nights as late as (~ 10 pm) and feel perfectly safe (although with that said I am male). 

The inner gravel path and asphalt track leading to the hill is well lit. But perhaps you would like to avoid the path that follows after the asphalt track leading up to the hill (and the loop around the back of the hill) which may be a little darker and secluded.",2016-03-19 00:31:25,4,,ZanDisk,0,4ayyaa,t3_4ayyaa
d14ojpk,comment,My friend told me it's not safe for me to run early morning at Bedok Reservoir Park by myself?,"I'm a guy and I've been running regularly at Bedok Reservoir for the last three years.

I've never heard of it as being a dangerous place. Did your friend mention details of the cases? There have been suicide cases at the reservoir - so, it's rumoured to be haunted - but to my knowledge, there are no murder or rape cases there.

It's a safe place to run at night, but I'm not sure about mornings. At night, especially on weekends, you can see a handful of foreign workers (PRCs and Indians) drinking and laughing with their friends, but they do not pose a danger to anyone.

If you're afraid, I suggest running at the track closest to the waters where it is lighted. Don't venture to the unlighted outer tracks where the trees are. ",2016-03-19 00:44:32,25,,hannorx,0,4ayyaa,t3_4ayyaa
d14pcuc,comment,My friend told me it's not safe for me to run early morning at Bedok Reservoir Park by myself?,[deleted],2016-03-19 01:02:56,2,,[deleted],0,4ayyaa,t3_4ayyaa
d14pi23,comment,My friend told me it's not safe for me to run early morning at Bedok Reservoir Park by myself?,try to sneak into TP's running track,2016-03-19 01:06:13,2,,[deleted],0,4ayyaa,t3_4ayyaa
d14r9l8,comment,My friend told me it's not safe for me to run early morning at Bedok Reservoir Park by myself?,It should be fine if you stick to more populated areas. It's not like you're jogging at 4am. It's not THAT dark and there's probably going to be a fair number of people jogging and doing stuff as well.,2016-03-19 01:46:58,1,,drakelon91,0,4ayyaa,t3_4ayyaa
d14rwqz,comment,My friend told me it's not safe for me to run early morning at Bedok Reservoir Park by myself?,"Guys, you run anywhere anytime also no one wants to go near you.

The friend alr qualified his statement with not safe for a girl to run alone la. I agree with him. There have been incidents of assaults on lone female joggers in sg, but off the top of my head i can only rem the clementi woods one though.

Bedok reservoir more famous for the number of suicides. There was a rape but it was a father-daughter one i think.

Statistically the odds are very low, but low probability/ high severity still not worth it. Avoid routes with long stretches that are dark and secluded, or run with someone.",2016-03-19 02:01:56,15,,WoodenSwordsman,0,4ayyaa,t3_4ayyaa
d1530vt,comment,My friend told me it's not safe for me to run early morning at Bedok Reservoir Park by myself?,[removed],2016-03-19 06:38:32,8,,[deleted],0,4ayyaa,t1_d14ojpk
d153y78,comment,My friend told me it's not safe for me to run early morning at Bedok Reservoir Park by myself?,"I won't recommend it. Singapore is generally safe but once in awhile you'll still read rape cases in the newspapers, so it's not like it's non-existent either. And yes, like other people said, there'll be people jogging there in the morning too, but you could easily find yourself standing alone on the jogging route for 10 mins straight without seeing anyone pass by. Enough time to be pulled behind the trees by orang minyak.",2016-03-19 07:05:00,5,,CyberDonkey,0,4ayyaa,t3_4ayyaa
d158y84,comment,My friend told me it's not safe for me to run early morning at Bedok Reservoir Park by myself?,"Its as safe as you are going to get. Of course anything can happen but I dont think there is any higher risk of anything bad happening to you there as opposed to walking in traffic or any other everyday risk. Bring an alarm or something if you are worried but dont feel like you have to stay indoors. 

Your man friend probably just want you to ask him to run with you ;)",2016-03-19 09:36:14,1,,KB-Jonsson,0,4ayyaa,t3_4ayyaa

d15fqyf,comment,My friend told me it's not safe for me to run early morning at Bedok Reservoir Park by myself?,Just stick to routes where there are also a lot of joggers and you'd be fine. Singapore is generally safe but best to err on the side of caution especially since it's 6am as there have been rape / murder cases of female joggers before.,2016-03-19 13:38:28,1,,microtek789,0,4ayyaa,t3_4ayyaa
d15h3oe,comment,My friend told me it's not safe for me to run early morning at Bedok Reservoir Park by myself?,The suicides was kinda weird though if I remembered correctly. ,2016-03-19 14:48:53,1,,EyeMAdam,0,4ayyaa,t1_d14ojpk
d15hlbi,comment,My friend told me it's not safe for me to run early morning at Bedok Reservoir Park by myself?,"> There was a rape but it was a father-daughter one i think

wtf",2016-03-19 15:16:47,4,,heronumberwon,0,4ayyaa,t1_d14rwqz
d15hlku,comment,My friend told me it's not safe for me to run early morning at Bedok Reservoir Park by myself?,https://sg.news.yahoo.com/sixth-body-found-in-bedok-reservoir.html ?,2016-03-19 15:17:14,2,,heronumberwon,0,4ayyaa,t1_d1530vt
d15ikjo,comment,My friend told me it's not safe for me to run early morning at Bedok Reservoir Park by myself?,"A little late, but I do recall a case of a female runner in her fifties being raped in Bedok Reservoir Park in the evening around 8 (happened in 2012 IIRC). However, like others have suggested, Singapore nonetheless is a relatively safe place, so if you are vigilant you should be fine. Find a companion you can trust to join you just in case",2016-03-19 16:24:03,1,,IL-yich,0,4ayyaa,t3_4ayyaa
d15ikor,comment,My friend told me it's not safe for me to run early morning at Bedok Reservoir Park by myself?,"Rape-murder in Bukit Batok nature park. I'm surprised no one remembered, since it happened twice in recent history.",2016-03-19 16:24:20,5,,myepicdemise,0,4ayyaa,t1_d14rwqz
d15jnlv,comment,My friend told me it's not safe for me to run early morning at Bedok Reservoir Park by myself?,To be fair 100% of people not exposed to water die too :P,2016-03-19 17:48:50,2,,Meowsq,0,4ayyaa,t1_d15ei8f
d15kf2g,comment,My friend told me it's not safe for me to run early morning at Bedok Reservoir Park by myself?,Avoid air too. As air contains oxygen and oxygen feeds fire. ( Õ°¬∞ Õú ñ Õ°¬∞),2016-03-19 18:50:14,7,,jlonso,0,4ayyaa,t1_d15ei8f
d15kvsy,comment,My friend told me it's not safe for me to run early morning at Bedok Reservoir Park by myself?,Macam say so casual... ,2016-03-19 19:25:58,5,,[deleted],0,4ayyaa,t1_d15hlbi
d15kww5,comment,My friend told me it's not safe for me to run early morning at Bedok Reservoir Park by myself?,"Do not look outside. 

Do not look at the sky.

Do not make noise.",2016-03-19 19:28:09,1,,[deleted],0,4ayyaa,t1_d15e6gf
d15kx25,comment,My friend told me it's not safe for me to run early morning at Bedok Reservoir Park by myself?,Why the lenny tho? ,2016-03-19 19:28:31,1,,[deleted],0,4ayyaa,t1_d15kf2g
d15laan,comment,My friend told me it's not safe for me to run early morning at Bedok Reservoir Park by myself?,That's his fetish.,2016-03-19 19:54:24,3,,pm_me_ur_asian_tush,0,4ayyaa,t1_d15kx25
d15m84w,comment,My friend told me it's not safe for me to run early morning at Bedok Reservoir Park by myself?,He is the fire,2016-03-19 20:51:07,2,,Vamparrian,0,4ayyaa,t1_d15kx25
d15sewu,comment,My friend told me it's not safe for me to run early morning at Bedok Reservoir Park by myself?,"> should show up when you google.

Me: search ""free angularjs tutorial""

...

Awww hell naww.. ",2016-03-20 00:42:56,1,,acsim,0,4ayyaa,t1_d1530vt
d15v60m,comment,My friend told me it's not safe for me to run early morning at Bedok Reservoir Park by myself?,"Reductio ad absurdum aside, your numbers are a little off.

Reported rape cases here are usually between 100 - 200 annually, not withstanding the fact that rape is an under reported crime. Most sexual assault cases don't get news coverage, for obvious reasons. 

But to be fair only about 10-20% of those are stranger rape cases, so for this jogging context it's actually between 10 to 40 each year.",2016-03-20 02:03:52,2,,WoodenSwordsman,0,4ayyaa,t1_d15e6gf
d15vcde,comment,My friend told me it's not safe for me to run early morning at Bedok Reservoir Park by myself?,"Sorry, a bit too desensitized alr. It could be worse, like the grandfather-granddaughter one ma.",2016-03-20 02:09:06,5,,WoodenSwordsman,0,4ayyaa,t1_d15kvsy
d16k17l,comment,My friend told me it's not safe for me to run early morning at Bedok Reservoir Park by myself?,[removed],2016-03-20 16:21:01,0,,[deleted],0,4ayyaa,t3_4ayyaa
d16mo4z,comment,My friend told me it's not safe for me to run early morning at Bedok Reservoir Park by myself?,"I think there were many more people when I left at around 7. 

Maybe I just need to go a little bit later..",2016-03-20 19:42:21,1,,mhtyhr,0,4ayyaa,t1_d14n8mb
d16mpam,comment,My friend told me it's not safe for me to run early morning at Bedok Reservoir Park by myself?,"I think you were refering to part of the outer loop? 

I think the place where I run (closest to the water) was well lit throughout, though honestly, I wasn't really paying attention. And I only realised when I went again on Saturday morning (at around 7 this time) that there is another, outer loop. But that looks much more challenging, with the ups and downs.",2016-03-20 19:44:33,1,,mhtyhr,0,4ayyaa,t1_d14nzak
d16mqkm,comment,My friend told me it's not safe for me to run early morning at Bedok Reservoir Park by myself?,"Thanks for the advice. I didn't even notice the outer tracks until I went there again on Saturday morning at around 7. 

I honestly didn't feel unsafe when I ran.. But my friend was dead serious about it, and I could tell it was really troubling him.

Going by what everyone says, I'll try to adjust the timing to start a little later and to do a shorter run on weekdays, so I don't end up being late for work :)

Edit:  
I did ask him for the specifics, and he mentioned that there were cases of death in the past where the cause was unknown. And apparently at one stage, the park even got those priests and what-nots to perform ""Cleansing"" ritual there :D",2016-03-20 19:47:02,1,,mhtyhr,0,4ayyaa,t1_d14ojpk
d16msh2,comment,My friend told me it's not safe for me to run early morning at Bedok Reservoir Park by myself?,So I heard!,2016-03-20 19:50:26,1,,mhtyhr,0,4ayyaa,t1_d14pcuc
d16mt65,comment,My friend told me it's not safe for me to run early morning at Bedok Reservoir Park by myself?,"Haha it was so dark, I didn't even know TP was nearby.. But I did see it yesterday morning.. Don't know if I'll be up to climb over gates and all!",2016-03-20 19:51:43,1,,mhtyhr,0,4ayyaa,t1_d14pi23
d16mull,comment,My friend told me it's not safe for me to run early morning at Bedok Reservoir Park by myself?,"I started at about 6, and I saw some exercise groups around the main area (close to the restaurant).. But for a good part of the run, I think I ran into 6~7 people running the opposite side. 

Maybe instead of going 1 round, I can just go to and from the 2 main areas - the other one being the section where there are lots of exercise equipment.",2016-03-20 19:54:16,1,,mhtyhr,0,4ayyaa,t1_d14r9l8
d16mvn3,comment,My friend told me it's not safe for me to run early morning at Bedok Reservoir Park by myself?,"Thanks. 

I'll try to start later, and do a shorter run so I won't end up late for work.

Still asking around if there is a running group.. Problem is, I'm a very slow runner, so assuming I can find one, not even sure if I can join. ",2016-03-20 19:56:10,1,,mhtyhr,0,4ayyaa,t1_d14rwqz
d16mwrh,comment,My friend told me it's not safe for me to run early morning at Bedok Reservoir Park by myself?,"Holy crap, you just brought up the one thing that used to terrify me when I was young! Orang minyak movie was so damn scary.

It was only after my mom explained that he wasn't killing people randomly but was just taking revenge on those who harmed him that I stopped having nightmares :D",2016-03-20 19:58:15,1,,mhtyhr,0,4ayyaa,t1_d153y78
d16mxim,comment,My friend told me it's not safe for me to run early morning at Bedok Reservoir Park by myself?,"> Your man friend probably just want you to ask him to run with you ;)

I wish! I've been trying to find a running buddy, but noone who lives nearby is interested..

But the alarm is a good idea! I'll look into it, thanks for the suggestion.",2016-03-20 19:59:37,1,,mhtyhr,0,4ayyaa,t1_d158y84
d16mypg,comment,My friend told me it's not safe for me to run early morning at Bedok Reservoir Park by myself?,"That was my first reaction when my friend brought it up! Like, I asked for the specifics, and he mentioned a few cases in the past, but seemed like nothing recent.

However, I could tell it was really troubling him, and he's not a superstitious person or a worry-wart in general, so I didn't want to just dismiss it.",2016-03-20 20:01:43,1,,mhtyhr,0,4ayyaa,t1_d15e6gf
d16mzt7,comment,My friend told me it's not safe for me to run early morning at Bedok Reservoir Park by myself?,"Thanks. I'm going to try out 2 options: 1. start later, 2. run to/fro the main areas instead of doing the full loop. 

I just wish the sun rises earlier.. coz hopefully people will then start coming out earlier as well :)",2016-03-20 20:03:40,1,,mhtyhr,0,4ayyaa,t1_d15fqyf
d16n04u,comment,My friend told me it's not safe for me to run early morning at Bedok Reservoir Park by myself?,Thanks! I will keep trying to find a running buddy while exploring other options.,2016-03-20 20:04:16,1,,mhtyhr,0,4ayyaa,t1_d15ikjo
d16n2cd,comment,My friend told me it's not safe for me to run early morning at Bedok Reservoir Park by myself?,"Thanks. I have been away from Singapore for 3+ years, and were traveling a lot prior to that, so I thankfully didn't get to experience much of the isssues due to the sudden influx of foreigners. 

But I do get the sense that Singapore is not the same now..

I'll definitely look into alternatives, thanks.",2016-03-20 20:08:08,0,,mhtyhr,0,4ayyaa,t1_d16k17l
d16tegq,comment,My friend told me it's not safe for me to run early morning at Bedok Reservoir Park by myself?,inb4 bishan pervert changes location,2016-03-21 00:17:53,1,,sniffables,0,4ayyaa,t3_4ayyaa
d183eof,comment,My friend told me it's not safe for me to run early morning at Bedok Reservoir Park by myself?,"No worries bro, I run at Bedok Reservoir on 6am in the morning regularly and I am still intact. By 7am, there will be other joggers during the weekends. On weekdays, it is pretty quiet in the morning though. ",2016-03-22 01:57:42,1,,[deleted],0,4ayyaa,t3_4ayyaa
rodlbv,post,Peacock bass at bedok reservoir in singapore,,2021-12-26 01:20:48,201,https://www.reddit.com/gallery/rodlbv,Gobstey_Cast,32,rodlbv,
hpxmi1q,comment,Peacock bass at bedok reservoir in singapore,Nice one,2021-12-26 01:26:58,2,,travism1208,0,rodlbv,t3_rodlbv
hpxp4p5,comment,Peacock bass at bedok reservoir in singapore,Thanks man,2021-12-26 01:48:51,1,,Gobstey_Cast,0,rodlbv,t1_hpxmi1q
hpxsj2x,comment,Peacock bass at bedok reservoir in singapore,Doing it backwards. Hold the fish closer to the camera than yourself.,2021-12-26 02:20:59,11,,opuntina,0,rodlbv,t3_rodlbv
hpxskyu,comment,Peacock bass at bedok reservoir in singapore,Alright will do for future pictures,2021-12-26 02:21:28,5,,Gobstey_Cast,0,rodlbv,t1_hpxsj2x
hpxsmvn,comment,Peacock bass at bedok reservoir in singapore,Makes the fish look bigger.  Nice job.,2021-12-26 02:21:57,4,,opuntina,0,rodlbv,t1_hpxskyu
hpxw0me,comment,Peacock bass at bedok reservoir in singapore,Fish covid,2021-12-26 02:52:42,6,,_Regular_sized_Rudy,0,rodlbv,t3_rodlbv
hpxzfyh,comment,Peacock bass at bedok reservoir in singapore,Is this negative forced perspective?,2021-12-26 03:21:14,0,,BringBowlCutBack,0,rodlbv,t3_rodlbv
hpy2b3r,comment,Peacock bass at bedok reservoir in singapore,I think so. So sorry I took bad pictures will do better for the next,2021-12-26 03:45:24,1,,Gobstey_Cast,0,rodlbv,t1_hpxzfyh
hpy2puv,comment,Peacock bass at bedok reservoir in singapore,Such a cool fish,2021-12-26 03:48:48,2,,BitsyMinnow,0,rodlbv,t3_rodlbv
hpy2rpp,comment,Peacock bass at bedok reservoir in singapore,Come to singapore there's alot of Peacock bass,2021-12-26 03:49:14,5,,Gobstey_Cast,0,rodlbv,t1_hpy2puv
hpybsnf,comment,Peacock bass at bedok reservoir in singapore,Only for insecure anglers ü§èüèºü§£,2021-12-26 05:06:31,-3,,He_Who_Remaines_,0,rodlbv,t1_hpxsj2x
hpybu59,comment,Peacock bass at bedok reservoir in singapore,Did you get triggered? ü§£,2021-12-26 05:06:53,-11,,He_Who_Remaines_,0,rodlbv,t1_hpxw0me
hpybws9,comment,Peacock bass at bedok reservoir in singapore,Don‚Äôt even worry about these kidsü§£ take pictures however you like.,2021-12-26 05:07:31,0,,He_Who_Remaines_,0,rodlbv,t1_hpy2b3r
hpyd62u,comment,Peacock bass at bedok reservoir in singapore,By?,2021-12-26 05:18:25,4,,_Regular_sized_Rudy,0,rodlbv,t1_hpybu59
hpygyy3,comment,Peacock bass at bedok reservoir in singapore,Do they taste good?,2021-12-26 05:50:50,2,,[deleted],0,rodlbv,t3_rodlbv
hpyh3re,comment,Peacock bass at bedok reservoir in singapore,No they don't. There's a joke about it if u eat it you will not eat any other fish. Because of how bad it is.,2021-12-26 05:51:53,3,,Gobstey_Cast,0,rodlbv,t1_hpygyy3
hpyllhj,comment,Peacock bass at bedok reservoir in singapore,I have eaten a few. And they do taste good. They have nice clean white meat and give a decent fillet,2021-12-26 06:29:01,1,,Biga4eva,0,rodlbv,t1_hpyh3re
hpylpqr,comment,Peacock bass at bedok reservoir in singapore,"I don‚Äôt fish, but sick hat, fishing is probably more relaxing.",2021-12-26 06:30:01,6,,Tacolord1767,0,rodlbv,t3_rodlbv
hpymbpb,comment,Peacock bass at bedok reservoir in singapore,"It's a good experience, you should try it sometime. If your in singapore dm me. Will help u find your intrest in fishing.",2021-12-26 06:35:08,6,,Gobstey_Cast,0,rodlbv,t1_hpylpqr
hpyn3w6,comment,Peacock bass at bedok reservoir in singapore,Nice!,2021-12-26 06:41:43,1,,Thin_Whereas117,0,rodlbv,t3_rodlbv
hpyysvv,comment,Peacock bass at bedok reservoir in singapore,What,2021-12-26 08:20:40,1,,[deleted],0,rodlbv,t1_hpybu59
hpyyv96,comment,Peacock bass at bedok reservoir in singapore,Tbh it doesn't matter if your just doing this as a hobby and not specifically to flex on the internet,2021-12-26 08:21:14,2,,[deleted],0,rodlbv,t1_hpy2b3r
hpzcmut,comment,Peacock bass at bedok reservoir in singapore,Nice catch!,2021-12-26 10:23:08,1,,Isadragon9,0,rodlbv,t3_rodlbv
hpzi9g6,comment,Peacock bass at bedok reservoir in singapore,"I never fish b4 and I want to try fishing at lower pierce, what lures do I use?",2021-12-26 11:15:02,1,,Joshteo02,0,rodlbv,t1_hpymbpb
hq06g7k,comment,Peacock bass at bedok reservoir in singapore,Wanna fish together if yes dm me,2021-12-26 15:42:25,1,,Gobstey_Cast,0,rodlbv,t1_hpzi9g6
hq06hoq,comment,Peacock bass at bedok reservoir in singapore,This is true I do fishing as a hobby and the pics are just something I take after a catch,2021-12-26 15:43:00,1,,Gobstey_Cast,0,rodlbv,t1_hpyyv96
hq0id3l,comment,Peacock bass at bedok reservoir in singapore,Is there? There isnt much fish here in salt,2021-12-26 18:46:18,1,,BarishiXD,0,rodlbv,t1_hpy2rpp
hq0omw6,comment,Peacock bass at bedok reservoir in singapore,Fish where?,2021-12-26 20:19:35,1,,Joshteo02,0,rodlbv,t1_hq06g7k
hq1q3bt,comment,Peacock bass at bedok reservoir in singapore,Where ever is near man,2021-12-27 01:56:14,1,,Gobstey_Cast,0,rodlbv,t1_hq0omw6
hq1q640,comment,Peacock bass at bedok reservoir in singapore,Like every reservoir either has this or tilapia,2021-12-27 01:56:49,1,,Gobstey_Cast,0,rodlbv,t1_hq0id3l
hq4yv99,comment,Peacock bass at bedok reservoir in singapore,Ig sure why not?,2021-12-27 19:51:45,1,,Joshteo02,0,rodlbv,t1_hq1q3bt
rr24ar,post,Otters spotted in Bedok Reservoir Area,,2021-12-29 15:14:27,192,https://v.redd.it/o0xvyghhmf881,InformationFirm4798,6,rr24ar,
hqdvajx,comment,Otters spotted in Bedok Reservoir Area,Reservoir Otters,2021-12-29 15:29:31,16,,whatsnewdan,0,rr24ar,t3_rr24ar
hqdvs74,comment,Otters spotted in Bedok Reservoir Area,Such naughty otters! They are trying to dig under the fence haha.... hopefully they gave up before breaking through.,2021-12-29 15:35:35,4,,Alauzhen,0,rr24ar,t3_rr24ar
hqe4xz7,comment,Otters spotted in Bedok Reservoir Area,Cute until they're digging under your fence to empty out your koi pond üòç,2021-12-29 17:36:14,17,,hermanono,0,rr24ar,t3_rr24ar
hqear1h,comment,Otters spotted in Bedok Reservoir Area,luxury problem,2021-12-29 18:53:59,8,,frumperino,0,rr24ar,t1_hqe4xz7
hqf10an,comment,Otters spotted in Bedok Reservoir Area,They are stuck?,2021-12-29 23:13:07,-1,,Deep-Room6932,0,rr24ar,t3_rr24ar
hqhr2z4,comment,Otters spotted in Bedok Reservoir Area,Careful you don't disturb them while they're digging. They might take a fence.,2021-12-30 10:11:54,14,,stevekez,0,rr24ar,t3_rr24ar
tl8whs,post,I caught a big fish at bedok reservoir,,2022-03-24 03:18:52,435,https://www.reddit.com/gallery/tl8whs,Gobstey_Cast,54,tl8whs,
i1usxu7,comment,I caught a big fish at bedok reservoir,Nice baitcaster reel and rod. Is that braided line?,2022-03-24 06:16:00,22,,[deleted],0,tl8whs,t3_tl8whs
i1uu9z2,comment,I caught a big fish at bedok reservoir,Yes the line u see in the pic is most likely my leader,2022-03-24 06:25:04,10,,Gobstey_Cast,0,tl8whs,t1_i1usxu7
i1uvrhr,comment,I caught a big fish at bedok reservoir,"Are you allowed to keep your catch? What fish is this? Did you keep it and cooked it? From a non fishing person, and genuinely curious which fish you catch is edible.",2022-03-24 06:35:13,80,,stm84,0,tl8whs,t3_tl8whs
i1uxaqp,comment,I caught a big fish at bedok reservoir,"It's completely up to you to keep your catch but we mainly practice catch and release, the fish is a Peacock bass. I don't cook nor eat Peacock bass. However most saltwater fishes that are caught are really nice like hybrid groupers and barramundi/sea bass.",2022-03-24 06:45:40,127,,Gobstey_Cast,0,tl8whs,t1_i1uvrhr
i1uy7t3,comment,I caught a big fish at bedok reservoir,"I tried fishing at Bedok reservoir before and caught only rocks.

Any tips for a beginner?",2022-03-24 06:52:02,14,,[deleted],0,tl8whs,t3_tl8whs
i1uzmha,comment,I caught a big fish at bedok reservoir,"Cool. For saltwater fishes, any way to test the fish is safe from pollutants before eating it? Like some beach shores may have sewers or storm drainages nearby, and water quality might be bad.",2022-03-24 07:01:52,27,,stm84,0,tl8whs,t1_i1uxaqp
i1v1v99,comment,I caught a big fish at bedok reservoir,Nice!,2022-03-24 07:17:41,2,,[deleted],0,tl8whs,t1_i1uu9z2
i1v23qd,comment,I caught a big fish at bedok reservoir,I would recommend using topwater easiest way to catch something here at bedok reservoir is to use a popper fly. A popper lure with a fly attached to the back as the popper attracts the fish and fly is to attract the bite.,2022-03-24 07:19:22,12,,Gobstey_Cast,0,tl8whs,t1_i1uy7t3
i1v27g4,comment,I caught a big fish at bedok reservoir,I haven't done saltwater fishing so I am not the best source for testing the fish is safe from pollutants.,2022-03-24 07:20:05,33,,Gobstey_Cast,0,tl8whs,t1_i1uzmha
i1v3psl,comment,I caught a big fish at bedok reservoir,"As a philosopher, I recommend patience. As a pragmatist, I recommend casting fish nets. As a ecologist, I recommend diving to enjoy your 'catch' and releasing it by going away after that. As a food lover, I recommend the mindset that you 'catch' what you eat, not the other way. 

As a redditor, I recommend visiting r/fishing to enjoy it vicariously(just like everything in life).",2022-03-24 07:30:53,31,,tolifeonline,0,tl8whs,t1_i1uy7t3
i1v54v1,comment,I caught a big fish at bedok reservoir,[deleted],2022-03-24 07:41:12,10,,[deleted],0,tl8whs,t1_i1uy7t3
i1v8mt4,comment,I caught a big fish at bedok reservoir,Niceeeee,2022-03-24 08:06:51,1,,EverestLee,0,tl8whs,t3_tl8whs
i1vas6j,comment,I caught a big fish at bedok reservoir,I'm not sure if that's what the Prem Binister meant when inviting you to ~~Lake Laogai~~ Bedok Reservoir,2022-03-24 08:22:39,4,,livebeta,0,tl8whs,t3_tl8whs
i1vfhpz,comment,I caught a big fish at bedok reservoir,"why you wanna cook cute girls

ps: thank you kind stranger",2022-03-24 08:57:31,40,,shithappenssg,0,tl8whs,t1_i1v54v1
i1vh1i4,comment,I caught a big fish at bedok reservoir,How severe is the peacock bass invasion into bedok reservoir?,2022-03-24 09:08:55,5,,arboden,0,tl8whs,t3_tl8whs
i1vh8q7,comment,I caught a big fish at bedok reservoir,Bedok reservoir is huge but rumors say there are fish u can't even find here but I would say it's way too much its all Peacock bass I want to find snakeheads.,2022-03-24 09:10:25,7,,Gobstey_Cast,0,tl8whs,t1_i1vh1i4
i1vin0t,comment,I caught a big fish at bedok reservoir,I thought it was illegal to fish there,2022-03-24 09:20:53,0,,Lemon_Pai,0,tl8whs,t3_tl8whs
i1vir6k,comment,I caught a big fish at bedok reservoir,It's always been legal. Sometimes pub updates their legal fishing grounds on their website so u have to check,2022-03-24 09:21:45,15,,Gobstey_Cast,0,tl8whs,t1_i1vin0t
i1vj2gh,comment,I caught a big fish at bedok reservoir,Ah kek,2022-03-24 09:24:05,3,,Lemon_Pai,0,tl8whs,t1_i1vir6k
i1vj6c4,comment,I caught a big fish at bedok reservoir,Le fishe au chocolat,2022-03-24 09:24:54,3,,[deleted],0,tl8whs,t3_tl8whs
i1vq5vj,comment,I caught a big fish at bedok reservoir,Is that first pic gonna be used as a tinder profile? r/Tinder,2022-03-24 10:17:50,45,,CstoCry,0,tl8whs,t3_tl8whs
i1vt1ib,comment,I caught a big fish at bedok reservoir,"Super secret hack: Everyone always fish at the small wooden platform near Temasek Polytechnic. Don't go there. 

Go all the way to the other side of the resevior. There's this metal platform that extends all the way maybe ten or so meters into the resevior. The edge of the water here isn't rocks or short grass, it's long grass. Look into the water. There's schools of peacock bass. I used to feed them bread, they could eat a whole loaf. I think it's some kind of breeding grounds for the peacock bass. You can see baby fish in the shallower end among the reeds.",2022-03-24 10:40:48,7,,Cute_Grapefruit_367,0,tl8whs,t1_i1uy7t3
i1vt5z1,comment,I caught a big fish at bedok reservoir,Only at designated spots. Must check the signages.,2022-03-24 10:41:48,2,,theschmuck,0,tl8whs,t1_i1vin0t
i1vuh9d,comment,I caught a big fish at bedok reservoir,BIG BOI,2022-03-24 10:52:31,1,,coleslawunreformed,0,tl8whs,t3_tl8whs
i1vviti,comment,I caught a big fish at bedok reservoir,Cool,2022-03-24 11:01:16,2,,AnonymousScroller124,0,tl8whs,t3_tl8whs
i1vxr3n,comment,I caught a big fish at bedok reservoir,don't kink shame,2022-03-24 11:20:12,12,,dodgethis_sg,0,tl8whs,t1_i1vfhpz
i1vymjr,comment,I caught a big fish at bedok reservoir,Can go fishing there? I went there last year then got stopped by some govt staff and said no fishing.,2022-03-24 11:27:51,0,,PossessionAfraid1899,0,tl8whs,t3_tl8whs
i1vz5ml,comment,I caught a big fish at bedok reservoir,wa I hungry already,2022-03-24 11:32:34,3,,Rockylol_,0,tl8whs,t3_tl8whs
i1vzqlk,comment,I caught a big fish at bedok reservoir,There's also all the oil tankers around. I'm wary of eating stuff farmed/fished locally.,2022-03-24 11:37:40,4,,[deleted],0,tl8whs,t1_i1uzmha
i1w2hyn,comment,I caught a big fish at bedok reservoir,"Without laboratory testing, no real way. However, fishes do take on the characteristics of the waters they are from, from their microbial community to heavy metal content. I‚Äôd encourage you to consume fish from cleaner looking, faster moving waters if at all possible. 

Source: Have tested and processed numerous fish",2022-03-24 12:03:08,23,,VitrIol_Warlord,0,tl8whs,t1_i1uzmha
i1w2mwn,comment,I caught a big fish at bedok reservoir,1/10 no banana for scale.,2022-03-24 12:04:25,4,,ihoj,0,tl8whs,t3_tl8whs
i1w2n5n,comment,I caught a big fish at bedok reservoir,They‚Äôre in virtually every reservoir in Singapore and are probably the mainstay mid-level predator.,2022-03-24 12:04:29,2,,VitrIol_Warlord,0,tl8whs,t1_i1vh1i4
i1w3vu8,comment,I caught a big fish at bedok reservoir,Woww nice catch bro,2022-03-24 12:16:33,1,,Outside-Following293,0,tl8whs,t3_tl8whs
i1w7bfx,comment,I caught a big fish at bedok reservoir,yeah. he looks like someone who can bring food to the table.,2022-03-24 12:51:42,26,,DrCalFun,0,tl8whs,t1_i1vq5vj
i1w940i,comment,I caught a big fish at bedok reservoir,"The fishes are still tested and are considered to be within safe consumption limits. That said, having been involved with environmental testing around these farm areas, the visual and smell characteristics of what I‚Äôve seen does turn the stomach at times.",2022-03-24 13:11:48,8,,VitrIol_Warlord,0,tl8whs,t1_i1vzqlk
i1w99ln,comment,I caught a big fish at bedok reservoir,No need order fish at caipng.,2022-03-24 13:13:34,14,,NoSugarHor,0,tl8whs,t1_i1w7bfx
i1wbajv,comment,I caught a big fish at bedok reservoir,[removed],2022-03-24 13:37:25,2,,[deleted],0,tl8whs,t3_tl8whs
i1wbckg,comment,I caught a big fish at bedok reservoir,Wow. Thanks for this. Guess it's safer not to eat. For seafood really a case of what you don't know doesn't hurt you. Recent articles have shown even open sea fishes caught were found with traces of microplastics.,2022-03-24 13:38:05,2,,stm84,0,tl8whs,t1_i1w2hyn
i1wbn4t,comment,I caught a big fish at bedok reservoir,"Is peacock bass edible? Thinking along the lines of seabass. I mean reservoir fishes should be clean since it's fresh water and protected, meaning the water is used for our drinking, so pollutants should be non existent as it is protected premises. And if there is an invasion of them, might as well cull the population in a sustainable way, by eating them.",2022-03-24 13:41:38,1,,stm84,0,tl8whs,t1_i1vh8q7
i1wfj4c,comment,I caught a big fish at bedok reservoir,"Well... I mean, most fish we buy and eat and  wild caught from the sea, not farm raised. It is as safe as what OP caught aka unknown. HSA doesn't test every single fish that fishermen catch and sell to the wet markets.",2022-03-24 14:30:38,2,,Orangecuppa,0,tl8whs,t1_i1wbckg
i1wgd1t,comment,I caught a big fish at bedok reservoir,Yes need check pub map for legal fishing ground,2022-03-24 14:41:35,1,,Gobstey_Cast,0,tl8whs,t1_i1vymjr
i1wggmo,comment,I caught a big fish at bedok reservoir,I see u know me from the siege community,2022-03-24 14:42:56,3,,Gobstey_Cast,0,tl8whs,t1_i1wbajv
i1wgvzd,comment,I caught a big fish at bedok reservoir,"Ladies, i‚Äôll be your good catch",2022-03-24 14:48:40,3,,Sun_Wukong88,0,tl8whs,t1_i1vq5vj
i1whdwg,comment,I caught a big fish at bedok reservoir,"Regarding, microplastics‚Ä¶they‚Äôre pretty much in you whether or not you consume seafood. Unfortunately, they‚Äôre everywhere now, in newborns, at the Everest peak, at the base of Mariana Trench. I wouldn‚Äôt say that seafood is a predominant source. In fact, the majority of microplastics originate from synthetic fibres used in clothing and other everyday products. 

The health effects of microplastics are still gradually being uncovered. As of now, to my knowledge, nothing substantially concrete about its harm to human health has been established. That being said my money is that it has negative effects that will take time to be recognised.

But I guess that‚Äôs just the world we live in now.",2022-03-24 14:55:18,5,,VitrIol_Warlord,0,tl8whs,t1_i1wbckg
i1whj21,comment,I caught a big fish at bedok reservoir,amazing. mine just gave a speech hours ago,2022-03-24 14:57:16,32,,Onotomatopie,0,tl8whs,t1_i1uu9z2
i1wim77,comment,I caught a big fish at bedok reservoir,Congratulation!!,2022-03-24 15:12:16,1,,nandasithu,0,tl8whs,t3_tl8whs
i1wj1hu,comment,I caught a big fish at bedok reservoir,"Wow! Glad to see another catch and release enthusiast. Good to throw back so that the fishes have a chance to breed, grow larger and most importantly, give others a chance to catch these awesome fishes too!",2022-03-24 15:18:11,4,,gjloh26,0,tl8whs,t3_tl8whs
i1wknv9,comment,I caught a big fish at bedok reservoir,I see plenty of posts on reddit from cute girls asking us to eat them.,2022-03-24 15:41:06,2,,WoWAltoholic,0,tl8whs,t1_i1vfhpz
i1wlfna,comment,I caught a big fish at bedok reservoir,"Yep, they are edible. I have sampled in reservoirs, and the raw state of water is not as clean as you might think. I do think it‚Äôs fine post processing as per PUBs numbers though.

Regarding the eating of invasives, 90-95% of all species in the reservoirs are invasives my dude. Wild Singapore does not have large, relatively stagnant natural catchment areas. Therefore our native species are not found in reservoirs which are exactly this. 

All in all if you catch a few and you do decide to eat them, I don‚Äôt think you‚Äôre doing much ecological harm, if at all. I would clean and cook the fish well.",2022-03-24 15:52:00,7,,VitrIol_Warlord,0,tl8whs,t1_i1wbn4t
i1wlg97,comment,I caught a big fish at bedok reservoir,bro,2022-03-24 15:52:15,3,,xpritee,0,tl8whs,t1_i1whj21
i1wq25p,comment,I caught a big fish at bedok reservoir,Bait them ladies,2022-03-24 16:59:53,5,,puboranjingparty,0,tl8whs,t1_i1vq5vj
i1wver2,comment,I caught a big fish at bedok reservoir,You can catch free and eat it for free?,2022-03-24 18:15:03,2,,[deleted],0,tl8whs,t3_tl8whs
i1wvrsd,comment,I caught a big fish at bedok reservoir,Technically yes but as a angler I prefer to catch and release such that another angler can fight it another time.,2022-03-24 18:19:44,3,,Gobstey_Cast,0,tl8whs,t1_i1wver2
i1x5z4y,comment,I caught a big fish at bedok reservoir,"Actually, since the peacock bass is considered invasive, would it not be better to have just kept and eaten said fish? One less in the wild!",2022-03-24 20:12:05,1,,Modus_Opp,0,tl8whs,t1_i1uxaqp
1445adt,post,Bedok Reservoir this evening,,2023-06-08 18:16:51,310,https://v.redd.it/aqt098mzrr4b1,Dittro,40,1445adt,
jndmtkj,comment,Bedok Reservoir this evening,"Samaritans of Singapore (SOS; 24 hours):
  
1767
  
Mental Health Helpline (24 hours):
  
6389 2222
  
Singapore Association for Mental Health (SAMH) Helpline:
  
1800 283 7019",2023-06-08 18:54:20,182,,LanJiaoDuaKee,0,1445adt,t3_1445adt
jndorqc,comment,Bedok Reservoir this evening,"lol, I just thought the scenery was nice but thanks for leaving this out here",2023-06-08 19:15:18,78,,Dittro,0,1445adt,t1_jndmtkj
jndozzi,comment,Bedok Reservoir this evening,just bought new phone ah,2023-06-08 19:17:42,32,,Tiger_King_,0,1445adt,t3_1445adt
jndppo0,comment,Bedok Reservoir this evening,"Nope haha, but just came back from overseas and haven‚Äôt went out in a long while",2023-06-08 19:24:57,20,,Dittro,0,1445adt,t1_jndozzi
jndpw8p,comment,Bedok Reservoir this evening,Incredible ~~tales~~ scenery,2023-06-08 19:26:47,20,,tom-slacker,0,1445adt,t3_1445adt
jnduown,comment,Bedok Reservoir this evening,"Used to dragon boat there once in a while. I remember one time seeing a bunch of monks, priests and other religious leaders going to the shore to bless and cleanse the place after a slew of suicides.",2023-06-08 20:12:04,25,,Custom_Fish,0,1445adt,t1_jndmtkj
jnduwxr,comment,Bedok Reservoir this evening,My canoeist friend found one of the many bodies. Traumatising sia.,2023-06-08 20:14:05,11,,paperxuts95,0,1445adt,t1_jnduown
jndv7e1,comment,Bedok Reservoir this evening,[deleted],2023-06-08 20:16:42,2,,[deleted],0,1445adt,t3_1445adt
jne1sz4,comment,Bedok Reservoir this evening,Yes great scenery and life can be great too!,2023-06-08 21:10:54,14,,Bcpjw,0,1445adt,t1_jndorqc
jne4ohb,comment,Bedok Reservoir this evening,"Indeed!

Really thought the waters looked particularly blue today for some reason, also liked the gentle warm breeze.",2023-06-08 21:32:36,2,,Dittro,0,1445adt,t1_jndv7e1
jne4zhq,comment,Bedok Reservoir this evening,Of course! Such sights are worth living for.,2023-06-08 21:34:54,11,,Dittro,0,1445adt,t1_jne1sz4
jnecywb,comment,Bedok Reservoir this evening,"from google maps earth view, the reservoir is shaped of a skull",2023-06-08 22:29:44,6,,Bitter-Rattata,0,1445adt,t3_1445adt
jneehc2,comment,Bedok Reservoir this evening,"Damn didn‚Äôt know that, that‚Äôs pretty cool

EDIT: Wait how lol like a dog skull?",2023-06-08 22:39:48,6,,Dittro,0,1445adt,t1_jnecywb
jneerwi,comment,Bedok Reservoir this evening,"Managed to get on the floating bridge or dock?

It's actually relaxing at night with chips and beer üòÅ

Sometimes we just go there to escape from kids üòÖ",2023-06-08 22:41:44,6,,thihaz,0,1445adt,t3_1445adt
jnefhy6,comment,Bedok Reservoir this evening,"you can google ""bedok reservoir skull"", you see searches about bad feng shui and paranormal activities there",2023-06-08 22:46:25,1,,Bitter-Rattata,0,1445adt,t1_jneehc2
jneghyn,comment,Bedok Reservoir this evening,The new Miami,2023-06-08 22:52:53,4,,WikiRando,0,1445adt,t3_1445adt
jneo1vb,comment,Bedok Reservoir this evening,Fun fact: The reservoir is artificial. The land that was dug out was used to build East Coast.,2023-06-08 23:41:14,17,,SnooChocolates2068,0,1445adt,t3_1445adt
jnexabf,comment,Bedok Reservoir this evening,"Most things in Singapore are artificial; we should only mention something when it's natural lol.

All the iconic tourist landmarks like Jewel, MBS, Gardens by The Bay, USS are artificial, with a possible exception of the Singapore River",2023-06-09 00:39:33,9,,google_tech_lead,0,1445adt,t1_jneo1vb
jnf5zmp,comment,Bedok Reservoir this evening,"Didn‚Äôt know about this so had to Google‚Ä¶

https://i.imgur.com/h6GAkkV.png

Like that also can trigger pareidolia. People really see what they want to see.",2023-06-09 01:34:04,5,,alterise,0,1445adt,t1_jneehc2
jnfp6c6,comment,Bedok Reservoir this evening,"I used to stay in one of the flats overlooking the reservoir (before they were all torn down and condos took over). During school hols, I will often use my binoculars to spy if there were any bodies floating at the reservoir and I spotted one. Very boliao. But I was 11. 
My dad had also brought back turtles occasionally from the reservoir. We‚Äôll keep them for one day and my dad will re-release them after at the reservoir again. Ok‚Ä¶ I spot where my boliao genes came from üòÇ.",2023-06-09 03:34:02,14,,hotate_,0,1445adt,t1_jnduown
jngbmr5,comment,Bedok Reservoir this evening,"Am currently studying overseas (and am coming back in a month‚Äôs time), seeing this video reminded me how much I really miss this place. Used to come here for a run every month.",2023-06-09 05:53:56,7,,saintlyknighted,0,1445adt,t1_jndppo0
jngg6hk,comment,Bedok Reservoir this evening,"I was there around the same time, beautiful blue skies and not too hot. Nice view from the hometeamns side too.",2023-06-09 06:24:11,1,,[deleted],0,1445adt,t3_1445adt
jngg9lo,comment,Bedok Reservoir this evening,No dead body?,2023-06-09 06:24:47,0,,Thanes14,0,1445adt,t3_1445adt
jngqmtf,comment,Bedok Reservoir this evening,so not creepy in daylight..,2023-06-09 07:41:47,2,,fenrism,0,1445adt,t3_1445adt
jnh0rmd,comment,Bedok Reservoir this evening,"NGL, I‚Äôm half-expecting something floating and police tape just based on the title.",2023-06-09 09:13:27,2,,jeanisis1979,0,1445adt,t3_1445adt
jnh0se9,comment,Bedok Reservoir this evening,Singapore river is artificial.... normal river banks dont have steps you know,2023-06-09 09:13:38,6,,Hot_Veterinarian8298,0,1445adt,t1_jnexabf
jnh0t1h,comment,Bedok Reservoir this evening,What phone are you using OP? Looks so nice,2023-06-09 09:13:48,2,,hanz17away,0,1445adt,t3_1445adt
jnh7m9x,comment,Bedok Reservoir this evening,I jog almost every other day here..,2023-06-09 10:08:56,1,,snip3r77,0,1445adt,t3_1445adt
jnhfusw,comment,Bedok Reservoir this evening,"True the beauty of nature be it man made or the wild can be both humbling and inspiring!

Not to sound like poison ivy but the water, plants, trees with all purpose serving is so calming and relaxing. It refreshes the life within us too!",2023-06-09 11:15:54,5,,Bcpjw,0,1445adt,t1_jne4zhq
jnhp5xe,comment,Bedok Reservoir this evening,I love this place.,2023-06-09 12:43:26,2,,Difficult-Flamingo94,0,1445adt,t3_1445adt
jni9uaa,comment,Bedok Reservoir this evening,"Thank you for filming this in landscape orientation, as opposed to portrait.",2023-06-09 17:00:10,3,,TheBorkenOne,0,1445adt,t3_1445adt
jnihxmc,comment,Bedok Reservoir this evening,Ohhh didn‚Äôt know about it being used to build east coast. Thanks for sharing!,2023-06-09 18:45:36,1,,Dittro,0,1445adt,t1_jneo1vb
jnihzpw,comment,Bedok Reservoir this evening,"Ah yep, I‚Äôve been there several times! It is quite peaceful indeed!",2023-06-09 18:46:17,2,,Dittro,0,1445adt,t1_jneerwi
jnii1ih,comment,Bedok Reservoir this evening,"Yeah, I think there was some event going on there?  Heard a lot of announcements over a speaker",2023-06-09 18:46:53,1,,Dittro,0,1445adt,t1_jngg6hk
jnii2e9,comment,Bedok Reservoir this evening,Haha Im using an iPhone,2023-06-09 18:47:10,2,,Dittro,0,1445adt,t1_jnh0t1h
jnii80b,comment,Bedok Reservoir this evening,There were Uncle Ringo booths and some go kart thing.,2023-06-09 18:48:57,1,,[deleted],0,1445adt,t1_jnii1ih
jniubks,comment,Bedok Reservoir this evening,nice,2023-06-09 20:45:59,2,,PizzaChips20-12,0,1445adt,t3_1445adt
jnjv40o,comment,Bedok Reservoir this evening,One round is 4Km?,2023-06-10 00:58:00,1,,thihaz,0,1445adt,t1_jnh7m9x
jnloy6s,comment,Bedok Reservoir this evening,"yes, around there",2023-06-10 08:47:02,2,,snip3r77,0,1445adt,t1_jnjv40o
jnqc1y2,comment,Bedok Reservoir this evening,Makes me wonder if Singapore would look really different if things are built differently. What if Tampines is still as hilly as Bukit Panjang etc.,2023-06-11 10:03:09,1,,SnooChocolates2068,0,1445adt,t1_jnexabf
1ea7o0j,post,Body of 20-year-old woman found floating in water at Bedok Reservoir Park,,2024-07-23 21:19:55,52,https://i.redd.it/8wubzekcr9ed1.png,stevenlong10,37,1ea7o0j,
lejl98n,comment,Body of 20-year-old woman found floating in water at Bedok Reservoir Park,"The body of a 20-year-old woman was found floating in water at Bedok Reservoir Park on the morning of July 23.
Stomper John shared photos of a blue police tent on the grass near the water and police cars parked nearby.In response to a Stomp query, the police said they received a call for assistance at the location at about 6.10am.
The body was subsequently retrieved from the water and pronounced dead at the scene by a paramedic from the Singapore Civil Defence Force.
Based on preliminary investigations, the police do not suspect foul play.
Investigations are ongoing.",2024-07-23 21:53:01,20,,stevenlong10,0,1ea7o0j,t3_1ea7o0j
lemr1v7,comment,Body of 20-year-old woman found floating in water at Bedok Reservoir Park,[removed],2024-07-24 08:13:36,-41,,[deleted],0,1ea7o0j,t3_1ea7o0j
leobnp6,comment,Body of 20-year-old woman found floating in water at Bedok Reservoir Park,[removed],2024-07-24 15:42:37,-45,,[deleted],0,1ea7o0j,t3_1ea7o0j
leoe72k,comment,Body of 20-year-old woman found floating in water at Bedok Reservoir Park,The fuck is your problem?,2024-07-24 16:11:11,11,,beno9444,0,1ea7o0j,t1_lemr1v7
leog8qt,comment,Body of 20-year-old woman found floating in water at Bedok Reservoir Park,Please comment with the link to news,2024-07-24 16:34:38,6,,Mickey10979,0,1ea7o0j,t1_lejl98n
leoh193,comment,Body of 20-year-old woman found floating in water at Bedok Reservoir Park,U hate PAP until you gain an extra chromosome,2024-07-24 16:43:52,16,,[deleted],0,1ea7o0j,t1_leobnp6
leoh1nq,comment,Body of 20-year-old woman found floating in water at Bedok Reservoir Park,Ur mom,2024-07-24 16:43:59,-17,,[deleted],0,1ea7o0j,t1_lemr1v7
leokeax,comment,Body of 20-year-old woman found floating in water at Bedok Reservoir Park,Rip,2024-07-24 17:22:09,6,,Worldmap77,0,1ea7o0j,t3_1ea7o0j
leom11d,comment,Body of 20-year-old woman found floating in water at Bedok Reservoir Park,Nah Bedok would‚Äôve been flooded.,2024-07-24 17:40:29,-4,,fickleposter21,0,1ea7o0j,t1_leoh1nq
leoosd9,comment,Body of 20-year-old woman found floating in water at Bedok Reservoir Park,I'd rather OP not. Rather it not spread. Last time a series of suicides happened.,2024-07-24 18:10:18,-23,,nonametrans,0,1ea7o0j,t1_leog8qt
leorbyx,comment,Body of 20-year-old woman found floating in water at Bedok Reservoir Park,That place is fucking haunted i swear,2024-07-24 18:36:16,5,,HarrierIV,0,1ea7o0j,t3_1ea7o0j
leoud88,comment,Body of 20-year-old woman found floating in water at Bedok Reservoir Park,I read your post i want to commit suicide sial. You better dont post,2024-07-24 19:04:37,10,,Battleraizer,0,1ea7o0j,t1_leoosd9
leoul1n,comment,Body of 20-year-old woman found floating in water at Bedok Reservoir Park,"Please, by all means. Thank you for your service.",2024-07-24 19:06:32,-16,,nonametrans,0,1ea7o0j,t1_leoud88
leoum9k,comment,Body of 20-year-old woman found floating in water at Bedok Reservoir Park,What's wrong with you? Suicide happens not because of sharing news,2024-07-24 19:06:50,5,,Mickey10979,0,1ea7o0j,t1_leoosd9
leouonu,comment,Body of 20-year-old woman found floating in water at Bedok Reservoir Park,[https://en.wikipedia.org/wiki/Copycat\_suicide](https://en.wikipedia.org/wiki/Copycat_suicide),2024-07-24 19:07:25,-4,,nonametrans,0,1ea7o0j,t1_leoum9k
leovkot,comment,Body of 20-year-old woman found floating in water at Bedok Reservoir Park,RIP young lady,2024-07-24 19:15:13,1,,cyanideyay,0,1ea7o0j,t3_1ea7o0j
leoyipv,comment,Body of 20-year-old woman found floating in water at Bedok Reservoir Park,RIP üò¢üò≠,2024-07-24 19:39:54,2,,zoepixie,0,1ea7o0j,t3_1ea7o0j
lep3hsv,comment,Body of 20-year-old woman found floating in water at Bedok Reservoir Park,Gone too soon. Can‚Äôt imagine what was on her mind to turn to this. RIP.,2024-07-24 20:18:07,8,,Material-Judge-6126,0,1ea7o0j,t1_lejl98n
lep6z4u,comment,Body of 20-year-old woman found floating in water at Bedok Reservoir Park,"https://mothership.sg/2024/07/body-woman-bedok-reservoir-park-waters/

The body of a 20-year-old woman was found floating in the waters at Bedok Reservoir on Jul. 23.

In response to Mothership's queries, the Singapore Police Force (SPF) said they received a call for assistance at Bedok Reservoir Park at around 6:10am.

The body of the woman was subsequently retrieved from the waters and was pronounced dead at the scene by a Singapore Civil Defence Force paramedic.

A passerby told Shin Min Daily News that four police vehicles were spotted parked along Bedok Reservoir Park Road at around 8am.

The passerby saw the blue tent.

Based on preliminary investigations, SPF said they do not suspect foul play.

Police investigations are ongoing.",2024-07-24 20:42:47,6,,Speedy_Cake,0,1ea7o0j,t3_1ea7o0j
lep9kly,comment,Body of 20-year-old woman found floating in water at Bedok Reservoir Park,I agree with him. Reading ur post also made me pissed off.,2024-07-24 21:00:02,6,,[deleted],0,1ea7o0j,t1_leoul1n
lep9o0z,comment,Body of 20-year-old woman found floating in water at Bedok Reservoir Park,Pls lah. Those ppl were just looking for an excuse lah. And you seriously believed everything you read online?,2024-07-24 21:00:39,5,,[deleted],0,1ea7o0j,t1_leouonu
lepm22u,comment,Body of 20-year-old woman found floating in water at Bedok Reservoir Park,I thought SG top 10 safest country in the world?,2024-07-24 22:15:51,-2,,GuytakingPSLE2024,0,1ea7o0j,t3_1ea7o0j
lepm387,comment,Body of 20-year-old woman found floating in water at Bedok Reservoir Park,RIP,2024-07-24 22:16:02,1,,GuytakingPSLE2024,0,1ea7o0j,t3_1ea7o0j
leq2idq,comment,Body of 20-year-old woman found floating in water at Bedok Reservoir Park,"The SPF do not suspect foul play, so either the person really covered their tracks or she suicide",2024-07-24 23:44:13,2,,Tiny-Dependent2602,0,1ea7o0j,t1_lepm22u
leq6qo6,comment,Body of 20-year-old woman found floating in water at Bedok Reservoir Park,Problem to fuck you .. ü•¥üò∑,2024-07-25 00:06:20,-2,,lkndg,0,1ea7o0j,t1_leoe72k
letgzj3,comment,Body of 20-year-old woman found floating in water at Bedok Reservoir Park,Just got me thinking if someone can swim can drown oneself?ü§î,2024-07-25 11:38:05,1,,Ok-Selection-5500,0,1ea7o0j,t3_1ea7o0j
letngfd,comment,Body of 20-year-old woman found floating in water at Bedok Reservoir Park,We are looking at houses there to rent. Umm,2024-07-25 12:29:27,4,,National_Ad2193,0,1ea7o0j,t1_leorbyx
letnlr3,comment,Body of 20-year-old woman found floating in water at Bedok Reservoir Park,Stay away from the reservoir at night lol,2024-07-25 12:30:42,2,,HarrierIV,0,1ea7o0j,t1_letngfd
letnweg,comment,Body of 20-year-old woman found floating in water at Bedok Reservoir Park,"Did you experience anything first hand?? 

When I was new to SG, I visited in the noon and once around 8 PM. Not many were there. I didn‚Äôt feel anything weird and then I read lot of posts and articles on it months later. Not sure what to feel",2024-07-25 12:33:11,3,,National_Ad2193,0,1ea7o0j,t1_letnlr3
letxvbg,comment,Body of 20-year-old woman found floating in water at Bedok Reservoir Park,Now what's your issue?,2024-07-25 14:05:22,1,,beno9444,0,1ea7o0j,t1_leq6qo6
leu5lkk,comment,Body of 20-year-old woman found floating in water at Bedok Reservoir Park,Priest lah priest!!!! SIC SIC,2024-07-25 15:27:15,1,,mirkoccp87,0,1ea7o0j,t1_lep9o0z
leue5tg,comment,Body of 20-year-old woman found floating in water at Bedok Reservoir Park,"Despite working at the nearby bedok town park for onsite learning experience for school, thankfully not.",2024-07-25 17:04:04,2,,HarrierIV,0,1ea7o0j,t1_letnweg
lewjeii,comment,Body of 20-year-old woman found floating in water at Bedok Reservoir Park,"she was a sweetheart - an absolute angel. always polite and kind.

please check up on those that you care deeply about - regardless of circumstances. it doesn't matter if you havent spoke in a while, have past tensions, or you are afraid of crossing boundaries. if you feel the want to reach out and ask - ask. let them know they are on your mind. sometimes the smallest moments like these - truly impact the outcomes drastically.

your mental health matters. you matter. its okay to reach out, be it if you need the help, or you are extending your help to someone.

she will be missed dearly by everyone who knew her.

sometimes it seems like it will be easier to leave it all behind but i promise you - it will get better. with time, support and love. pain is temporary. please remember to take care of yourself. 

rest in peace young one, i hope your pain has stopped and you are at peace now. your memory and legacy will continue, and you will not be forgotten, nor remembered for your final moments, but for the good you brang. a reminder to express our love for those we hold close to our hearts.",2024-07-26 01:36:59,6,,Sad_Position_553,0,1ea7o0j,t3_1ea7o0j
lf6sjjh,comment,Body of 20-year-old woman found floating in water at Bedok Reservoir Park,Ask for spooky discount.,2024-07-27 21:51:47,1,,Sti8man7,0,1ea7o0j,t1_letngfd
